TARGET_CLASS,configuration_id,criterion,ctg_min_time_per_job,ctg_schedule,search_budget,p_object_pool,ctg_time_per_class,Size,Length,Total_Time,Random_Seed,LineCoverage,LineCoverageBitString,BranchCoverage,BranchCoverageBitString,ExceptionCoverage,ExceptionCoverageBitString,Explicit_MethodExceptions,Explicit_TypeExceptions,Implicit_MethodExceptions,Implicit_TypeExceptions,WeakMutationScore,WeakMutationCoverageBitString,OutputCoverage,OutputCoverageBitString,MethodCoverage,MethodCoverageBitString,MethodNoExceptionCoverage,MethodNoExceptionCoverageBitString,CBranchCoverage,CBranchCoverageBitString
Model.Tests.Test.SmartSpeakerTest,default,LINE;BRANCH;EXCEPTION;WEAKMUTATION;OUTPUT;METHOD;METHODNOEXCEPTION;CBRANCH,1,BUDGET,51,0.3,3,16,32,61254,1681661849408,0.7866666666666666,111111111111111111111111111111111111111111000001111111111100001110000000111,0.8571428571428571,111111111111111101010,1.0,111,0,0,3,1,0.7558528428093646,11111111111111111111111111111111111111111100000000000000000000000000000000000000111111111111110000000000000000000111111111111111111111111111111111111111111111111111111111111111111111111111111111111111111111111111111111111111111111111111111111111100000000000001111111111111111111111101110111111111110,1.0,,1.0,11111111111111111,0.8235294117647058,11111111111011001,0.8571428571428571,111111111111111100101
